<application>
  <component name="ProjectJdkTable">
    <jdk version="2">
      <name value="Python 2.7.10 (/System/Library/Frameworks/Python.framework/Versions/2.7/bin/python2.7)" />
      <type value="Python SDK" />
      <version value="Python 2.7.10" />
      <homePath value="/System/Library/Frameworks/Python.framework/Versions/2.7/bin/python2.7" />
      <roots>
        <classPath>
          <root type="composite">
            <root url="file:///System/Library/Frameworks/Python.framework/Versions/2.7/lib/python2.7" type="simple" />
            <root url="file:///System/Library/Frameworks/Python.framework/Versions/2.7/lib/python2.7/plat-darwin" type="simple" />
            <root url="file:///System/Library/Frameworks/Python.framework/Versions/2.7/lib/python2.7/plat-mac" type="simple" />
            <root url="file:///System/Library/Frameworks/Python.framework/Versions/2.7/lib/python2.7/plat-mac/lib-scriptpackages" type="simple" />
            <root url="file:///System/Library/Frameworks/Python.framework/Versions/2.7/lib/python2.7/lib-tk" type="simple" />
            <root url="file:///System/Library/Frameworks/Python.framework/Versions/2.7/lib/python2.7/lib-dynload" type="simple" />
            <root url="file://$USER_HOME$/Library/Python/2.7/lib/python/site-packages" type="simple" />
            <root url="file:///Library/Python/2.7/site-packages" type="simple" />
            <root url="file:///System/Library/Frameworks/Python.framework/Versions/2.7/Extras/lib/python" type="simple" />
            <root url="file:///System/Library/Frameworks/Python.framework/Versions/2.7/Extras/lib/python/PyObjC" type="simple" />
            <root url="jar:///Library/Python/2.7/site-packages/mysql-0.0.1-py2.7.egg!/" type="simple" />
            <root url="file:///Library/Python/2.7/site-packages/virtualenvwrapper-4.8.2-py2.7.egg" type="simple" />
            <root url="jar:///Library/Python/2.7/site-packages/virtualenv_clone-0.3.0-py2.7.egg!/" type="simple" />
            <root url="file://$USER_HOME$/Library/Caches/PyCharmCE2019.1/python_stubs/-2125986627" type="simple" />
            <root url="file://$APPLICATION_HOME_DIR$/helpers/python-skeletons" type="simple" />
            <root url="file://$APPLICATION_HOME_DIR$/helpers/typeshed/stdlib/2" type="simple" />
            <root url="file://$APPLICATION_HOME_DIR$/helpers/typeshed/stdlib/2and3" type="simple" />
            <root url="file://$APPLICATION_HOME_DIR$/helpers/typeshed/third_party/2" type="simple" />
            <root url="file://$APPLICATION_HOME_DIR$/helpers/typeshed/third_party/2and3" type="simple" />
          </root>
        </classPath>
        <sourcePath>
          <root type="composite" />
        </sourcePath>
      </roots>
      <additional />
    </jdk>
    <jdk version="2">
      <name value="Python 3.6.4 (/Library/Frameworks/Python.framework/Versions/3.6/bin/python3.6)" />
      <type value="Python SDK" />
      <version value="Python 3.6.4" />
      <homePath value="/Library/Frameworks/Python.framework/Versions/3.6/bin/python3.6" />
      <roots>
        <classPath>
          <root type="composite">
            <root url="file:///Library/Frameworks/Python.framework/Versions/3.6/lib/python3.6" type="simple" />
            <root url="file:///Library/Frameworks/Python.framework/Versions/3.6/lib/python3.6/lib-dynload" type="simple" />
            <root url="file:///Library/Frameworks/Python.framework/Versions/3.6/lib/python3.6/site-packages" type="simple" />
            <root url="file://$USER_HOME$/Library/Caches/PyCharmCE2017.1/python_stubs/-2010535109" type="simple" />
            <root url="file://$APPLICATION_HOME_DIR$/helpers/python-skeletons" type="simple" />
            <root url="file://$APPLICATION_HOME_DIR$/helpers/typeshed/stdlib/3.6" type="simple" />
            <root url="file://$APPLICATION_HOME_DIR$/helpers/typeshed/stdlib/3.5" type="simple" />
            <root url="file://$APPLICATION_HOME_DIR$/helpers/typeshed/stdlib/3.4" type="simple" />
            <root url="file://$APPLICATION_HOME_DIR$/helpers/typeshed/stdlib/3.3" type="simple" />
            <root url="file://$APPLICATION_HOME_DIR$/helpers/typeshed/stdlib/3" type="simple" />
            <root url="file://$APPLICATION_HOME_DIR$/helpers/typeshed/stdlib/2and3" type="simple" />
            <root url="file://$APPLICATION_HOME_DIR$/helpers/typeshed/third_party/3" type="simple" />
            <root url="file://$APPLICATION_HOME_DIR$/helpers/typeshed/third_party/2and3" type="simple" />
          </root>
        </classPath>
        <sourcePath>
          <root type="composite" />
        </sourcePath>
      </roots>
      <additional />
    </jdk>
    <jdk version="2">
      <name value="Python 3.7 (python3.7)" />
      <type value="Python SDK" />
      <version value="Python 3.7.3" />
      <homePath value="$USER_HOME$/.virtualenvs/python3.7/bin/python" />
      <roots>
        <classPath>
          <root type="composite">
            <root url="file://$USER_HOME$/.virtualenvs/python3.7/lib/python3.7" type="simple" />
            <root url="file://$USER_HOME$/.virtualenvs/python3.7/lib/python3.7/lib-dynload" type="simple" />
            <root url="file:///usr/local/Cellar/python/3.7.3/Frameworks/Python.framework/Versions/3.7/lib/python3.7" type="simple" />
            <root url="file://$USER_HOME$/.virtualenvs/python3.7/lib/python3.7/site-packages" type="simple" />
            <root url="file://$USER_HOME$/.virtualenvs/python3.7/lib/python3.7/site-packages/python_boilerplate_template-1.0.1-py3.7.egg" type="simple" />
            <root url="file://$USER_HOME$/Library/Caches/JetBrains/PyCharm2020.1/python_stubs/-204019482" type="simple" />
            <root url="file://$APPLICATION_HOME_DIR$/plugins/python/helpers/python-skeletons" type="simple" />
            <root url="file://$APPLICATION_HOME_DIR$/plugins/python/helpers/typeshed/stdlib/3.7" type="simple" />
            <root url="file://$APPLICATION_HOME_DIR$/plugins/python/helpers/typeshed/stdlib/3" type="simple" />
            <root url="file://$APPLICATION_HOME_DIR$/plugins/python/helpers/typeshed/stdlib/2and3" type="simple" />
            <root url="file://$APPLICATION_HOME_DIR$/plugins/python/helpers/typeshed/third_party/3" type="simple" />
            <root url="file://$APPLICATION_HOME_DIR$/plugins/python/helpers/typeshed/third_party/2and3" type="simple" />
          </root>
        </classPath>
        <sourcePath>
          <root type="composite" />
        </sourcePath>
      </roots>
      <additional />
    </jdk>
  </component>
</application>